[{"p":"/city/cinfo/01511/","t":"北海道 猿払村"},{"p":"/city/cinfo/08235/","t":"茨城県 つくばみらい市"},{"p":"/city/cinfo/11232/","t":"埼玉県 久喜市"},{"p":"/city/cinfo/13122/","t":"東京都 葛飾区"},{"p":"/city/cinfo/14210/","t":"神奈川県 三浦市"},{"p":"/city/cinfo/15103/","t":"新潟県 新潟市 中央区"},{"p":"/city/cinfo/01402/","t":"北海道 岩内町"},{"p":"/city/cinfo/04422/","t":"宮城県 大郷町"},{"p":"/city/cinfo/15205/","t":"新潟県 柏崎市"},{"p":"/city/cinfo/28226/","t":"兵庫県 淡路市"},{"p":"/city/cinfo/40384/","t":"福岡県 遠賀町"},{"p":"/city/cinfo/02445/","t":"青森県 南部町"},{"p":"/city/cinfo/03206/","t":"岩手県 北上市"},{"p":"/city/cinfo/10524/","t":"群馬県 大泉町"},{"p":"/city/cinfo/11237/","t":"埼玉県 三郷市"}]
